{
  "cv": {
    "threshold": 0.01674395024967066,
    "tn": 172.0,
    "fp": 406.0,
    "fn": 65.0,
    "tp": 1237.0,
    "recall_sensitivity": 0.9500768049155146,
    "fnr": 0.04992319508448541,
    "specificity": 0.2975778546712803,
    "precision": 0.7528910529519173,
    "npv": 0.7257383966244726,
    "f1": 0.8400679117147708,
    "balanced_accuracy": 0.6238273297933974,
    "roc_auc": 0.830221272569749,
    "pr_auc": 0.912394002873577,
    "fpr": 0.7024221453287197
  },
  "test": {
    "threshold": 0.01674395024967066,
    "tn": 48.0,
    "fp": 97.0,
    "fn": 20.0,
    "tp": 306.0,
    "recall_sensitivity": 0.9386503067484663,
    "fnr": 0.06134969325153374,
    "specificity": 0.3310344827586207,
    "precision": 0.7593052109181141,
    "npv": 0.7058823529411765,
    "f1": 0.8395061728395061,
    "balanced_accuracy": 0.6348423947535435,
    "roc_auc": 0.8394330442140893,
    "pr_auc": 0.9119582696665948,
    "fpr": 0.6689655172413793
  },
  "chosen_threshold": 0.01674395024967066
}
