{
  "cv": {
    "threshold": 0.016757279223890992,
    "tn": 173.0,
    "fp": 405.0,
    "fn": 65.0,
    "tp": 1237.0,
    "recall_sensitivity": 0.9500768049155146,
    "fnr": 0.04992319508448541,
    "specificity": 0.29930795847750863,
    "precision": 0.7533495736906212,
    "npv": 0.726890756302521,
    "f1": 0.8403532608695652,
    "balanced_accuracy": 0.6246923816965116,
    "roc_auc": 0.8302292453983491,
    "pr_auc": 0.9123986556592568,
    "fpr": 0.7006920415224913
  },
  "test": {
    "threshold": 0.016757279223890992,
    "tn": 48.0,
    "fp": 97.0,
    "fn": 20.0,
    "tp": 306.0,
    "recall_sensitivity": 0.9386503067484663,
    "fnr": 0.06134969325153374,
    "specificity": 0.3310344827586207,
    "precision": 0.7593052109181141,
    "npv": 0.7058823529411765,
    "f1": 0.8395061728395061,
    "balanced_accuracy": 0.6348423947535435,
    "roc_auc": 0.8394541992807277,
    "pr_auc": 0.9119715161788899,
    "fpr": 0.6689655172413793
  },
  "chosen_threshold": 0.016757279223890992
}
