{
  "cv": {
    "threshold": 0.018680246736985696,
    "tn": 196.0,
    "fp": 382.0,
    "fn": 65.0,
    "tp": 1237.0,
    "recall_sensitivity": 0.9500768049155146,
    "fnr": 0.04992319508448541,
    "specificity": 0.3391003460207612,
    "precision": 0.7640518838789376,
    "npv": 0.7509578544061303,
    "f1": 0.8469702156795618,
    "balanced_accuracy": 0.644588575468138,
    "roc_auc": 0.8434030158552984,
    "pr_auc": 0.9187651469606075,
    "fpr": 0.6608996539792388
  },
  "test": {
    "threshold": 0.018680246736985696,
    "tn": 61.0,
    "fp": 84.0,
    "fn": 24.0,
    "tp": 302.0,
    "recall_sensitivity": 0.9263803680981595,
    "fnr": 0.0736196319018405,
    "specificity": 0.4206896551724138,
    "precision": 0.7823834196891192,
    "npv": 0.7176470588235294,
    "f1": 0.848314606741573,
    "balanced_accuracy": 0.6735350116352866,
    "roc_auc": 0.8442775544742964,
    "pr_auc": 0.9225903538230424,
    "fpr": 0.5793103448275863
  },
  "chosen_threshold": 0.018680246736985696
}
